{
  "model": "random_forest",
  "accuracy": 0.6737804878048781,
  "f1": 0.41208791208791207,
  "roc_auc": 0.6610937499999999,
  "classification_report": {
    "0": {
      "precision": 0.6697080291970803,
      "recall": 0.9175,
      "f1-score": 0.7742616033755274,
      "support": 400.0
    },
    "1": {
      "precision": 0.6944444444444444,
      "recall": 0.29296875,
      "f1-score": 0.41208791208791207,
      "support": 256.0
    },
    "accuracy": 0.6737804878048781,
    "macro avg": {
      "precision": 0.6820762368207623,
      "recall": 0.605234375,
      "f1-score": 0.5931747577317197,
      "support": 656.0
    },
    "weighted avg": {
      "precision": 0.6793612644155639,
      "recall": 0.6737804878048781,
      "f1-score": 0.6329255287267019,
      "support": 656.0
    }
  },
  "cv_results": {
    "logistic_regression": {
      "mean_f1": 0.4155251115260519,
      "std_f1": 0.02833503214226123
    },
    "random_forest": {
      "mean_f1": 0.4173569152764277,
      "std_f1": 0.03715841896073374
    },
    "gradient_boosting": {
      "mean_f1": 0.35607484001934314,
      "std_f1": 0.039465569131699296
    }
  },
  "n_train": 2620,
  "n_test": 656,
  "features": [
    "ph",
    "Hardness",
    "Solids",
    "Chloramines",
    "Sulfate",
    "Conductivity",
    "Organic_carbon",
    "Trihalomethanes",
    "Turbidity"
  ]
}